index,condition,layer_group,mean,std,count
0,full_shuffled,early,1.836588714659214,0.34044200830806987,8000
1,full_shuffled,late,1.4776607765853405,0.22073047876499519,8000
2,full_shuffled,middle,1.4111961770877242,0.19469159428730565,8000
3,np_shuffled,early,1.8250189468115567,0.3415353429881245,8000
4,np_shuffled,late,1.4812533591911197,0.24245837251506616,8000
5,np_shuffled,middle,1.380083883933723,0.18157757278403314,8000
6,original,early,1.824435029834509,0.34161673640090273,8000
7,original,late,1.4427404050827026,0.24256084091365393,8000
8,original,middle,1.3469355450868608,0.17322739736817735,8000
